<?xml version="1.0" encoding="UTF-8"?>

<beans xmlns="http://www.springframework.org/schema/beans"
       xmlns:xsi="http://www.w3.org/2001/XMLSchema-instance"
       xmlns:util="http://www.springframework.org/schema/util"
       xsi:schemaLocation="http://www.springframework.org/schema/beans http://www.springframework.org/schema/beans/spring-beans-2.5.xsd
                           http://www.springframework.org/schema/util http://www.springframework.org/schema/util/spring-util-2.5.xsd">
	<bean class="org.springframework.beans.factory.config.PropertyPlaceholderConfigurer">
		<property name="locations">
			<value>file:/Cisco/CVP/conf/resources/powercor.properties</value>
			<!--  <value>file:/Users/vbuirski/Documents/Projects/RTA/workspace/powercor-ivr/powercor-host-services/src/main/resources/powercor.properties</value> -->
		</property>
	</bean>
	
	<bean id="powercorNmiJdbcDao" class="au.com.didata.powercor.services.cisov.dao.jdbc.NmiJdbcDao"> 
		<property name="dataSource" ref="cisovDataSource" />
		<property name="nmiByCliStoredProc">
			<value>${cisov.sql.spGetNmiByCli}</value>
		</property>
		<property name="nmiByAddressStoredProc">
			<value>${cisov.sql.spGetNmiByAddress}</value>
		</property>
	</bean>
	
	<bean id="citipowerNmiJdbcDao" class="au.com.didata.powercor.services.cisov.dao.jdbc.NmiJdbcDao">
		<property name="dataSource" ref="citipowerCisovDataSource" />
		<property name="nmiByCliStoredProc">
			<value>${citipowerCisov.sql.spGetNmiByCli}</value>
		</property>
		<property name="nmiByAddressStoredProc">
			<value>${citipowerCisov.sql.spGetNmiByAddress}</value>
		</property>
	</bean>
	
	<bean id="etsaNmiJdbcDao" class="au.com.didata.powercor.services.cisov.dao.jdbc.NmiJdbcDao">
		<property name="dataSource" ref="etsaCisovDataSource" />
		<property name="nmiByCliStoredProc">
			<value>${etsaCisov.sql.spGetNmiByCli}</value>
		</property>
		<property name="nmiByAddressStoredProc">
			<value>${etsaCisov.sql.spGetNmiByAddress}</value>
		</property>
	</bean>
	
	<bean id="uneNmiJdbcDao" class="au.com.didata.powercor.services.cisov.dao.jdbc.NmiJdbcDao">
		<property name="dataSource" ref="uneSAPISUDataSource" />
		<property name="nmiByCliStoredProc">
			<value>${uneSapIsu.sql.spGetNmiByCli}</value>
		</property>
		<property name="nmiByAddressStoredProc">
			<value>${uneSapIsu.sql.spGetNmiByAddress}</value>
		</property>
	</bean>
	
	<bean id="omsJdbcDao" class="au.com.didata.powercor.services.outages.dao.jdbc.IvrOutageDao">
		<property name="dataSource" ref="cisovDataSource" />
		<property name="outagesByPostcodeStoredProcName">
			<value>${ivr.sql.spGetOutagesByPostcode}</value>
		</property>
		<property name="outagesByPostcodeStoredProcDriverType">
			<value>oracle</value>
		</property>
		<property name="outagesByNmiStoredProcName">
			<value>${ivr.sql.spGetOutagesByNMI}</value>
		</property>
	</bean>
	
	<bean id="ouNmsJdbcDao" class="au.com.didata.powercor.services.outages.dao.jdbc.UneIvrOutageDao">
		<property name="dataSource" ref="uneSAPISUDataSource" />
		<property name="outagesByPostcodeStoredProcName">
			<value>${ivr.sql.une.spGetOutagesByPostcode}</value>
		</property>
		<property name="outagesByPostcodeStoredProcDriverType">
			<value>oracle</value>
		</property>
		<property name="outagesByNmiStoredProcName">
			<value>${ivr.sql.une.spGetOutagesByNMI}</value>
		</property>
	</bean>

	<bean id="manualMessagesJdbcDao" class="au.com.didata.powercor.services.outages.dao.jdbc.IvrOutageDao">
		<!-- <property name="dataSource" ref="cisovDataSource" /> -->
		<property name="dataSource" ref="manualMessagesDataSource" />
		<property name="outagesByPostcodeStoredProcName">
			<value>${ivr.sql.spGetManualMessagesByPostcode}</value>
		</property>
		<property name="outagesByPostcodeStoredProcDriverType">
			<value>sqlserver</value>
		</property>
		<property name="outagesByNmiStoredProcName">
			<value>null</value>
		</property>
	</bean>
	
	<bean id="uneManualMessagesJdbcDao" class="au.com.didata.powercor.services.outages.dao.jdbc.UneIvrOutageDao">
		<!-- <property name="dataSource" ref="uneSAPISUDataSource" /> -->
		<property name="dataSource" ref="manualMessagesDataSource" />
		<property name="outagesByPostcodeStoredProcName">
			<value>${ivr.sql.une.spGetManualMessagesByPostcode}</value>
		</property>
		<property name="outagesByPostcodeStoredProcDriverType">
			<value>sqlserver</value>
		</property>
		<property name="outagesByNmiStoredProcName">
			<value>null</value>
		</property>
	</bean>

	<bean id="omsDataSource_abstract" abstract="true" class="com.mchange.v2.c3p0.ComboPooledDataSource" destroy-method="close" >
		<property name="driverClass">
			<value>${oms_abstract.jdbc.driver}</value>
		</property>
		<property name="jdbcUrl">
			<value>${oms_abstract.jdbc.url}</value>
		</property>
		<property name="user">
			<value>${oms_abstract.jdbc.username}</value>
		</property>
		<property name="password">
			<value>${oms_abstract.jdbc.password}</value>
		</property>
		<property name="minPoolSize">
			<value>${oms_abstract.jdbc.minPoolSize}</value>
		</property>
		<property name="maxPoolSize">
			<value>${oms_abstract.jdbc.maxPoolSize}</value>
		</property>
		<property name="idleConnectionTestPeriod">
			<value>${oms_abstract.jdbc.idleConnectionTestPeriod}</value>
		</property>
		<property name="maxIdleTime">
			<value>${oms_abstract.jdbc.maxIdleTime}</value>
		</property>
		<property name="checkoutTimeout">
			<value>${oms_abstract.jdbc.checkoutTimeout}</value>
		</property>
	</bean>

	<bean id="omsDataSource" parent="omsDataSource_abstract" abstract="false" />

	<!--
	    aliases can be set to point to _finegrained suffixes from powercor.properties
	    beans can be uncommented from base of this file, and finegrained properties
	    defined in powercor.properties
	-->
	<alias alias="cisovDataSource"          name="${cisovDataSource_alias}"          />
	<alias alias="citipowerCisovDataSource" name="${citipowerCisovDataSource_alias}" />
	<alias alias="etsaCisovDataSource"      name="${etsaCisovDataSource_alias}"      />
	<alias alias="uneSAPISUDataSource"      name="${uneSAPISUDataSource_alias}"      />
	<alias alias="smsDataSource"            name="${smsDataSource_alias}"            />
	<alias alias="ebmDataSource"            name="${ebmDataSource_alias}"            />
	
	<bean id="ccmpdbDataSource_abstract" abstract="true" class="com.mchange.v2.c3p0.ComboPooledDataSource" destroy-method="close" >
		<property name="driverClass">
			<value>${ccmpdb_abstract.jdbc.driver}</value>
		</property>
		<property name="jdbcUrl">
			<value>${ccmpdb_abstract.jdbc.url}</value>
		</property>
		<property name="user">
			<value>${ccmpdb_abstract.jdbc.username}</value>
		</property>
		<property name="password">
			<value>${ccmpdb_abstract.jdbc.password}</value>
		</property>
		<property name="minPoolSize">
			<value>${ccmpdb_abstract.jdbc.minPoolSize}</value>
		</property>
		<property name="maxPoolSize">
			<value>${ccmpdb_abstract.jdbc.maxPoolSize}</value>
		</property>
		<property name="idleConnectionTestPeriod">
			<value>${ccmpdb_abstract.jdbc.idleConnectionTestPeriod}</value>
		</property>
		<property name="maxIdleTime">
			<value>${ccmpdb_abstract.jdbc.maxIdleTime}</value>
		</property>
		<property name="checkoutTimeout">
			<value>${ccmpdb_abstract.jdbc.checkoutTimeout}</value>
		</property>
	</bean>

	<bean id="ccmpdbDataSource" parent="ccmpdbDataSource_abstract" abstract="false" />

	<!--
	    aliases can be set to point to _finegrained suffixes from powercor.properties
	    beans can be uncommented from base of this file, and finegrained properties
	    defined in powercor.properties
	-->
	<alias alias="manualMessagesDataSource" name="${manualMessagesDataSource_alias}" />
	<alias alias="repeatCallerDataSource"   name="${repeatCallerDataSource_alias}"   />
	
	<bean id="smsPushJdbcDao" class="au.com.didata.powercor.services.sms.dao.jdbc.SmsPushJdbcDao">
		<property name="dataSource" ref="smsDataSource" />
		<property name="spInsertSmsPush">
			<value>${ivr.sql.spInsertSmsPush}</value>
		</property>
	</bean>
	
	<bean id="uneSmsPushJdbcDao" class="au.com.didata.powercor.services.sms.dao.jdbc.UneSmsPushJdbcDao">
		<property name="dataSource" ref="uneSAPISUDataSource" />
		<property name="spInsertSmsPush">
			<value>${ivr.sql.une.spInsertSmsPush}</value>
		</property>
	</bean>

	<bean id="ebmJdbcDao" class="au.com.didata.powercor.services.sms.dao.jdbc.EbmJdbcDao">
		<property name="dataSource" ref="ebmDataSource" />
		<property name="spInsertSmsPush">
			<value>${ivr.sql.spInsertEbmPush}</value>
		</property>
	</bean>

	<bean id="repeatCallerJdbcDao" class="au.com.didata.powercor.services.repeatcaller.dao.jdbc.GetRepeatCallerJdbcDao">
		<property name="dataSource" ref="repeatCallerDataSource" />
		<property name="spGetRepeatCaller">
			<value>${repeatcaller.sql.spGetRepeatCallers}</value>
		</property>
		<property name="spAddRepeatCaller">
			<value>${repeatcaller.sql.spAddRepeatCallers}</value>
		</property>
	</bean>

	<bean id="playedMessagesJdbcDao" class="au.com.didata.powercor.services.playedmessages.dao.jdbc.PlayedMessagesJdbcDao">
		<!-- we use the exony SQL Server DB which is the repeat caller DB -->
		<property name="dataSource" ref="repeatCallerDataSource" />
		<property name="spInsertPlayedMessages">
			<value>${playedMessages.sql.spInsertPlayedMessages}</value>
		</property>
		<property name="spGetPlayedMessages">
			<value>${playedMessages.sql.spGetPlayedMessages}</value>
		</property>

	</bean>


	<bean id="etsaPosWsDao" class="au.com.didata.powercor.services.etsa.dao.ws.IvrOutageWS">
		<property name="userName">
			<value>${etsaOutages.ws.username}</value>
		</property>
		<property name="password">
			<value>${etsaOutages.ws.password}</value>
		</property>
		<property name="endPointAddress">
			<value>${etsaOutages.ws.endPointAddress}</value>
		</property>
	</bean>

	<!--
	    Service Implementations
	-->


	<!--
	    Powercor CIS OV Service
	-->
	<bean id="PowercorCISOVServiceImpl" class="au.com.didata.powercor.services.cisov.PowercorCISOVServiceImpl">
		<property name="nmiDao" ref="powercorNmiJdbcDao" />
	</bean>

	<!--
	    Citipower CIS OV Service
	-->
	<bean id="CitipowerCISOVServiceImpl" class="au.com.didata.powercor.services.cisov.CitipowerCISOVServiceImpl">
		<property name="nmiDao" ref="citipowerNmiJdbcDao" />
	</bean>
	
	<!--
	    ETSA CIS OV Service
	-->
	<bean id="EtsaCISOVServiceImpl" class="au.com.didata.powercor.services.cisov.EtsaCISOVServiceImpl">
		<property name="nmiDao" ref="etsaNmiJdbcDao" />
	</bean>

	<!--
	    OMS Service
	-->
	<bean id="OMSServiceImpl" class="au.com.didata.powercor.services.outages.OMSServiceImpl">
		<property name="ivrOutageDao" ref="omsJdbcDao" />
	</bean>
	
	<!--
	    UNE OU-NMS Service
	-->
	<bean id="UneOUNMSServiceImpl" class="au.com.didata.powercor.services.outages.UneOUNMSServiceImpl">
		<property name="uneIvrOutageDao" ref="ouNmsJdbcDao" />
	</bean>
	
	<!--
	    UNE CIS OV Service
	-->
	<bean id="UneSAPISUServiceImpl" class="au.com.didata.powercor.services.cisov.UneSAPISUServiceImpl">
		<property name="nmiDao" ref="uneNmiJdbcDao" />
	</bean>
	
	<!--
	    SMS Service
	-->
	<bean id="SMSServiceImpl" class="au.com.didata.powercor.services.sms.SMSServiceImpl">
		<property name="smsDao" ref="smsPushJdbcDao" />
	</bean>
	
	<!--
	    UNE SMS Service
	-->
	<bean id="UneSMSServiceImpl" class="au.com.didata.powercor.services.sms.UneSMSServiceImpl">
		<property name="uneSmsDao" ref="uneSmsPushJdbcDao" />
	</bean>

	<!--
	    EBM Service
	-->
	<bean id="EBMServiceImpl" class="au.com.didata.powercor.services.sms.EBMServiceImpl">
		<property name="ebmDao" ref="ebmJdbcDao" />
	</bean>
	<!--
	    RepeatCaller Service
	-->
	<bean id="RepeatCallerServiceImpl" class="au.com.didata.powercor.services.repeatcaller.RepeatCallerServiceImpl">
		<property name="repeatCallerDao" ref="repeatCallerJdbcDao" />
	</bean>
	
	<!--
	    PlayedMessages Service
	-->
	<bean id="PlayedMessagesServiceImpl" class="au.com.didata.powercor.services.playedmessages.PlayedMessagesServiceImpl">
		<property name="playedMessagesDao" ref="playedMessagesJdbcDao" />
	</bean>

	<!--
	    ManualMessages Service
	-->
	<bean id="ManualMessagesServiceImpl" class="au.com.didata.powercor.services.outages.ManualMessagesServiceImpl">
		<property name="ivrOutageDao" ref="manualMessagesJdbcDao" />
	</bean>
	
	<!--
	    ManualMessages UNE Service
	-->
	<bean id="UneManualMessagesServiceImpl" class="au.com.didata.powercor.services.outages.UneManualMessagesServiceImpl">
		<property name="uneIvrOutageDao" ref="uneManualMessagesJdbcDao" />
	</bean>
	

	<!--
	    Etsa Pos Service
	-->
	<bean id="EtsaPosServiceImpl" class="au.com.didata.powercor.services.etsa.EtsaPosServiceImpl">
		<property name="ivrOutageWS" ref="etsaPosWsDao"/>
	</bean>

	<!--
	    PowercorServiceRequestExecutorMBean Service Implementation
	-->
	<bean id="PowercorServiceRequestExecutorMBeanImpl" class="au.com.didata.powercor.ivr.PowercorServiceRequestExecutorMBeanImpl"/>


	<!--
	    Database connection
	-->
	<!--
	     <bean id="agentAuthenticationDS" class="com.mchange.v2.c3p0.ComboPooledDataSource" destroy-method="close">
	     <property name="driverClass" value="com.microsoft.sqlserver.jdbc.SQLServerDriver" />
	     <property name="jdbcUrl" value="${agentauthentication.database.url}" />
	     <property name="idleConnectionTestPeriod" value="1" />
	     <property name="maxIdleTime" value="0" />
	     <property name="user" value="${agentauthentication.database.username}" />
	     <property name="password" value="${agentauthentication.database.password}" />
	     <property name="initialPoolSize" value="10" />
	     <property name="maxPoolSize" value="30" />
	     <property name="minPoolSize" value="10" />
	     <property name="acquireIncrement" value="1" />
	     <property name="acquireRetryDelay" value="1000" />
	     <property name="acquireRetryAttempts" value="1" />
	     <property name="breakAfterAcquireFailure" value="false" />
	     </bean>


	-->

	

	<!--
	    JMX
	-->
	<bean id="mBeanExporter" class="org.springframework.jmx.export.MBeanExporter">
		<property name="beans">
			<map>
				<entry key="Powercor:type=Services,name=CISOV-Service"
				       value-ref="PowercorCISOVServiceImpl"/>
				<entry key="Powercor:type=Services,name=PowercorServiceRequestExecutorMBean-Service"
				       value-ref="PowercorServiceRequestExecutorMBeanImpl"
				       />
			</map>
		</property>
		<property name="assembler">
			<bean class="org.springframework.jmx.export.assembler.MethodNameBasedMBeanInfoAssembler">
				<property name="methodMappings">
					<map>
						<entry key="Powercor:type=Services,name=CISOV-Service"
						       value=""
						       />
						<entry key="Powercor:type=Services,name=PowercorServiceRequestExecutorMBean-Service"
						       value="getActiveThreads,getActiveTasks,getTotalTasks,getQueuedTasks,getAverageTaskTime,getActiveTaskNames,getQueuedTaskNames,getCoreThreadPoolSize,setCoreThreadPoolSize,getMaxThreadPoolSize,setMaxThreadPoolSize"
						       />
					</map>
				</property>
			</bean>
		</property>
	</bean>
	
	<!--
	    _finegrained suffixed beans inherit from this bean
	    as they are multiplied, you can elect to have separate customisations here
	-->
	<!--
	<bean id="omsDataSource_finegrained" parent="omsDataSource_abstract" abstract="true" />

	<bean id="cisovDataSource_finegrained" parent="omsDataSource_finegrained" >
		<property name="driverClass">
			<value>${cisov.jdbc.driver}</value>
		</property>
		<property name="jdbcUrl">
			<value>${cisov.jdbc.url}</value>
		</property>
		<property name="user">
			<value>${cisov.jdbc.username}</value>
		</property>
		<property name="password">
			<value>${cisov.jdbc.password}</value>
		</property>
		<property name="idleConnectionTestPeriod">
			<value>${cisov.jdbc.password}</value>
		</property>
		<property name="minPoolSize">
			<value>${cisov.jdbc.minPoolSize}</value>
		</property>
		<property name="maxPoolSize">
			<value>${cisov.jdbc.maxPoolSize}</value>
		</property>
		<property name="idleConnectionTestPeriod">
			<value>${cisov.jdbc.idleConnectionTestPeriod}</value>
		</property>
		<property name="maxIdleTime">
			<value>${cisov.jdbc.maxIdleTime}</value>
		</property>
		<property name="checkoutTimeout">
			<value>${cisov.jdbc.checkoutTimeout}</value>
		</property>
	</bean>
	
	<bean id="citipowerCisovDataSource_finegrained" parent="omsDataSource_finegrained" >
		<property name="driverClass">
			<value>${citipowerCisov.jdbc.driver}</value>
		</property>
		<property name="jdbcUrl">
			<value>${citipowerCisov.jdbc.url}</value>
		</property>
		<property name="user">
			<value>${citipowerCisov.jdbc.username}</value>
		</property>
		<property name="password">
			<value>${citipowerCisov.jdbc.password}</value>
		</property>
		<property name="minPoolSize">
			<value>${citipowerCisov.jdbc.minPoolSize}</value>
		</property>
		<property name="maxPoolSize">
			<value>${citipowerCisov.jdbc.maxPoolSize}</value>
		</property>
		<property name="idleConnectionTestPeriod">
			<value>${citipowerCisov.jdbc.idleConnectionTestPeriod}</value>
		</property>
		<property name="maxIdleTime">
			<value>${citipowerCisov.jdbc.maxIdleTime}</value>
		</property>
		<property name="checkoutTimeout">
			<value>${citipowerCisov.jdbc.checkoutTimeout}</value>
		</property>
	</bean>
	
	<bean id="etsaCisovDataSource_finegrained" parent="omsDataSource_finegrained" >
		<property name="driverClass">
			<value>${etsaCisov.jdbc.driver}</value>
		</property>
		<property name="jdbcUrl">
			<value>${etsaCisov.jdbc.url}</value>
		</property>
		<property name="user">
			<value>${etsaCisov.jdbc.username}</value>
		</property>
		<property name="password">
			<value>${etsaCisov.jdbc.password}</value>
		</property>
		<property name="minPoolSize">
			<value>${etsaCisov.jdbc.minPoolSize}</value>
		</property>
		<property name="maxPoolSize">
			<value>${etsaCisov.jdbc.maxPoolSize}</value>
		</property>
		<property name="idleConnectionTestPeriod">
			<value>${etsaCisov.jdbc.idleConnectionTestPeriod}</value>
		</property>
		<property name="maxIdleTime">
			<value>${etsaCisov.jdbc.maxIdleTime}</value>
		</property>
		<property name="checkoutTimeout">
			<value>${etsaCisov.jdbc.checkoutTimeout}</value>
		</property>
	</bean>
	
	<bean id="uneSAPISUDataSource_finegrained" parent="omsDataSource_finegrained" >
		<property name="driverClass">
			<value>${uneCisov.jdbc.driver}</value>
		</property>
		<property name="jdbcUrl">
			<value>${uneCisov.jdbc.url}</value>
		</property>
		<property name="user">
			<value>${uneCisov.jdbc.username}</value>
		</property>
		<property name="password">
			<value>${uneCisov.jdbc.password}</value>
		</property>
		<property name="minPoolSize">
			<value>${uneCisov.jdbc.minPoolSize}</value>
		</property>
		<property name="maxPoolSize">
			<value>${uneCisov.jdbc.maxPoolSize}</value>
		</property>
		<property name="idleConnectionTestPeriod">
			<value>${uneCisov.jdbc.idleConnectionTestPeriod}</value>
		</property>
		<property name="maxIdleTime">
			<value>${uneCisov.jdbc.maxIdleTime}</value>
		</property>
		<property name="checkoutTimeout">
			<value>${uneCisov.jdbc.checkoutTimeout}</value>
		</property>
	</bean>
	
	<bean id="smsDataSource_finegrained" parent="omsDataSource_finegrained" >
		<property name="driverClass">
			<value>${smsPush.jdbc.driver}</value>
		</property>
		<property name="jdbcUrl">
			<value>${smsPush.jdbc.url}</value>
		</property>
		<property name="user">
			<value>${smsPush.jdbc.username}</value>
		</property>
		<property name="password">
			<value>${smsPush.jdbc.password}</value>
		</property>
		<property name="minPoolSize">
			<value>${smsPush.jdbc.minPoolSize}</value>
		</property>
		<property name="maxPoolSize">
			<value>${smsPush.jdbc.maxPoolSize}</value>
		</property>
		<property name="idleConnectionTestPeriod">
			<value>${smsPush.jdbc.idleConnectionTestPeriod}</value>
		</property>
		<property name="maxIdleTime">
			<value>${smsPush.jdbc.maxIdleTime}</value>
		</property>
		<property name="checkoutTimeout">
			<value>${smsPush.jdbc.checkoutTimeout}</value>
		</property>
	</bean>
	
	<bean id="ebmDataSource_finegrained" parent="omsDataSource_finegrained" >
		<property name="driverClass">
			<value>${ebmPush.jdbc.driver}</value>
		</property>
		<property name="jdbcUrl">
			<value>${ebmPush.jdbc.url}</value>
		</property>
		<property name="user">
			<value>${ebmPush.jdbc.username}</value>
		</property>
		<property name="password">
			<value>${ebmPush.jdbc.password}</value>
		</property>
		<property name="minPoolSize">
			<value>${ebmPush.jdbc.minPoolSize}</value>
		</property>
		<property name="maxPoolSize">
			<value>${ebmPush.jdbc.maxPoolSize}</value>
		</property>
		<property name="idleConnectionTestPeriod">
			<value>${ebmPush.jdbc.idleConnectionTestPeriod}</value>
		</property>
		<property name="maxIdleTime">
			<value>${ebmPush.jdbc.maxIdleTime}</value>
		</property>
		<property name="checkoutTimeout">
			<value>${ebmPush.jdbc.checkoutTimeout}</value>
		</property>
	</bean>
	-->
	
	<!--
	
	<bean id="ccmpdbDataSource_finegrained" parent="ccmpdbDataSource_abstract" abstract="true" />
	
	<bean id="manualMessagesDataSource_finegrained" parent="ccmpdbDataSource_finegrained" >
		<property name="driverClass">
			<value>${mnulmsg.jdbc.driver}</value>
		</property>
		<property name="jdbcUrl">
			<value>${mnulmsg.jdbc.url}</value>
		</property>
		<property name="user">
			<value>${mnulmsg.jdbc.username}</value>
		</property>
		<property name="password">
			<value>${mnulmsg.jdbc.password}</value>
		</property>
		<property name="minPoolSize">
			<value>${mnulmsg.jdbc.minPoolSize}</value>
		</property>
		<property name="maxPoolSize">
			<value>${mnulmsg.jdbc.maxPoolSize}</value>
		</property>
		<property name="idleConnectionTestPeriod">
			<value>${mnulmsg.jdbc.idleConnectionTestPeriod}</value>
		</property>
		<property name="maxIdleTime">
			<value>${mnulmsg.jdbc.maxIdleTime}</value>
		</property>
		<property name="checkoutTimeout">
			<value>${mnulmsg.jdbc.checkoutTimeout}</value>
		</property>
	</bean>
	
	<bean id="repeatCallerDataSource_finegrained" parent="ccmpdbDataSource_finegrained" >
		<property name="driverClass">
			<value>${repeatcaller.jdbc.driver}</value>
		</property>
		<property name="jdbcUrl">
			<value>${repeatcaller.jdbc.url}</value>
		</property>
		<property name="user">
			<value>${repeatcaller.jdbc.username}</value>
		</property>
		<property name="password">
			<value>${repeatcaller.jdbc.password}</value>
		</property>
		<property name="minPoolSize">
			<value>${repeatcaller.jdbc.minPoolSize}</value>
		</property>
		<property name="maxPoolSize">
			<value>${repeatcaller.jdbc.maxPoolSize}</value>
		</property>
		<property name="idleConnectionTestPeriod">
			<value>${repeatcaller.jdbc.idleConnectionTestPeriod}</value>
		</property>
		<property name="maxIdleTime">
			<value>${repeatcaller.jdbc.maxIdleTime}</value>
		</property>
		<property name="checkoutTimeout">
			<value>${repeatcaller.jdbc.checkoutTimeout}</value>
		</property>
	</bean>
	
	-->
	
</beans>
